nside,source,level,scenario,method,n_gal,n_rand,A_add,A_mult,A_tot,dA_add,dA_mult,dA_tot,A_over_dA,bias_contaminated,bias_recovered,improvement
32,uchuu,low,additive,OLS,358597,2450717,0.03492124879877386,0.0,0.03492124879877386,0.07389496189623553,0.0,0.07389496189623553,0.47257956297224746,0.011199095939376215,0.027556950904468257,0.40639822519552854
32,uchuu,low,additive,ISD-1,358597,2450717,0.03492124879877386,0.0,0.03492124879877386,0.07551578199536982,0.0,0.07551578199536982,0.46243643217407226,0.011199095939376215,0.027466415513865434,0.4077378037815948
32,uchuu,low,additive,ElasticNet,358597,2450717,0.03492124879877386,0.0,0.03492124879877386,0.022508174191700897,0.0,0.022508174191700897,1.5514918491989391,0.011199095939376215,0.023284412877309583,0.4809696511733657
32,uchuu,low,additive,MCMC-add,358597,2450717,0.03492124879877386,0.0,0.03492124879877386,0.07508766622067344,0.0,0.07508766622067344,0.4650730347131125,0.011199095939376215,0.029862370910536496,0.3750236701877137
32,uchuu,low,additive,MCMC-comb,358597,2450717,0.03492124879877386,0.0,0.03492124879877386,0.08326770581688063,0.20826803463449475,0.224296868195973,0.1556920927146536,0.011199095939376215,0.1321854586591207,0.08472260150987103
32,uchuu,low,multiplicative,OLS,358597,2450717,0.0,0.03818629454818582,0.03818629454818582,0.031394331930556865,0.03818629454818582,0.049434776915515545,0.7724581141216945,0.017740972887379067,0.022007516724405877,0.8061324278220222
32,uchuu,low,multiplicative,ISD-1,358597,2450717,0.0,0.03818629454818582,0.03818629454818582,0.031448811508820305,0.03818629454818582,0.04946939292772971,0.771917589608842,0.017740972887379067,0.02211735740022851,0.8021289599089162
32,uchuu,low,multiplicative,ElasticNet,358597,2450717,0.0,0.03818629454818582,0.03818629454818582,0.0,0.03818629454818582,0.03818629454818582,1.0,0.017740972887379067,0.017740972887398176,0.9999999999989229
32,uchuu,low,multiplicative,MCMC-add,358597,2450717,0.0,0.03818629454818582,0.03818629454818582,0.032789112091719114,0.03818629454818582,0.05033208681431882,0.7586868926984828,0.017740972887379067,0.024929332508929616,0.7116505378162171
32,uchuu,low,multiplicative,MCMC-comb,358597,2450717,0.0,0.03818629454818582,0.03818629454818582,0.03366833519099656,0.16712567209878834,0.17048327504187916,0.2239885087777987,0.017740972887379067,0.10300512303768655,0.17223388860851285
32,uchuu,low,combined,OLS,358597,2450717,0.03492124879877386,0.03818629454818582,0.05174636904157306,0.07464986404687605,0.03818629454818582,0.08384983776691451,0.6171314151545222,0.027406533542179205,0.04324300970376748,0.6337795109527599
32,uchuu,low,combined,ISD-1,358597,2450717,0.03492124879877386,0.03818629454818582,0.05174636904157306,0.07641587823712555,0.03818629454818582,0.08542587159679439,0.6057458715295665,0.027406533542179205,0.04321592396736567,0.6341767345498649
32,uchuu,low,combined,ElasticNet,358597,2450717,0.03492124879877386,0.03818629454818582,0.05174636904157306,0.020153866013575387,0.03818629454818582,0.04317836734539595,1.1984327389602123,0.027406533542179205,0.03983143999763905,0.6880628353833977
32,uchuu,low,combined,MCMC-add,358597,2450717,0.03492124879877386,0.03818629454818582,0.05174636904157306,0.07399615083987078,0.03818629454818582,0.08326838193718979,0.6214407898619416,0.027406533542179205,0.04587110415506493,0.5974683637335787
32,uchuu,low,combined,MCMC-comb,358597,2450717,0.03492124879877386,0.03818629454818582,0.05174636904157306,0.0776458168901656,0.19045210105201163,0.20567176684140867,0.25159685180063696,0.027406533542179205,0.12781912001026793,0.21441654065508814
32,uchuu,medium,additive,OLS,358597,2450717,0.08730312199693467,0.0,0.08730312199693467,0.13747305403875884,0.0,0.13747305403875884,0.6350562487127159,0.020360683966703805,0.0508500445351906,0.40040641365836493
32,uchuu,medium,additive,ISD-1,358597,2450717,0.08730312199693467,0.0,0.08730312199693467,0.1430644955085758,0.0,0.1430644955085758,0.6102361154427822,0.020360683966703805,0.0537632448014053,0.378710102820498
32,uchuu,medium,additive,ElasticNet,358597,2450717,0.08730312199693467,0.0,0.08730312199693467,0.05471023449087371,0.0,0.05471023449087371,1.5957365712168137,0.020360683966703805,0.04925823362306106,0.41334579965879276
32,uchuu,medium,additive,MCMC-add,358597,2450717,0.08730312199693467,0.0,0.08730312199693467,0.13673208302551984,0.0,0.13673208302551984,0.6384977107431349,0.020360683966703805,0.05916182674776291,0.34415238822005617
32,uchuu,medium,additive,MCMC-comb,358597,2450717,0.08730312199693467,0.0,0.08730312199693467,0.14542272948190585,0.25716957073494134,0.2954385864472709,0.2955034514847176,0.020360683966703805,0.16587533926277767,0.12274690172267656
32,uchuu,medium,multiplicative,OLS,358597,2450717,0.0,0.09546573637046454,0.09546573637046454,0.03243861988535232,0.09546573637046454,0.10082643939374936,0.9468323680225373,0.039299257357590295,0.04321911238875009,0.909302740974844
32,uchuu,medium,multiplicative,ISD-1,358597,2450717,0.0,0.09546573637046454,0.09546573637046454,0.03260852384031051,0.09546573637046454,0.10088123040387213,0.9463181207076186,0.039299257357590295,0.04349363462116458,0.9035634225534868
32,uchuu,medium,multiplicative,ElasticNet,358597,2450717,0.0,0.09546573637046454,0.09546573637046454,0.0,0.09546573637046454,0.09546573637046454,1.0,0.039299257357590295,0.03929925735753079,1.0000000000015141
32,uchuu,medium,multiplicative,MCMC-add,358597,2450717,0.0,0.09546573637046454,0.09546573637046454,0.032946944270785594,0.09546573637046454,0.10099112811300451,0.9452883451667428,0.039299257357590295,0.04578560898037172,0.8583320880243807
32,uchuu,medium,multiplicative,MCMC-comb,358597,2450717,0.0,0.09546573637046454,0.09546573637046454,0.03285246999127019,0.13274920568027818,0.13675392642725878,0.6980840613833785,0.039299257357590295,0.08968064332800581,0.4382133746950695
32,uchuu,medium,combined,OLS,358597,2450717,0.08730312199693467,0.09546573637046454,0.12936592260393265,0.13933450447454113,0.09546573637046454,0.16890177902532869,0.7659239787198026,0.0177693627983397,0.0825591738752016,0.21523183874393279
32,uchuu,medium,combined,ISD-1,358597,2450717,0.08730312199693467,0.09546573637046454,0.12936592260393265,0.14536475153718714,0.09546573637046454,0.17390979791323774,0.7438679370352228,0.0177693627983397,0.08295661074159,0.21420068442394904
32,uchuu,medium,combined,ElasticNet,358597,2450717,0.08730312199693467,0.09546573637046454,0.12936592260393265,0.06579546397051107,0.09546573637046454,0.11594287343278092,1.1157729558853298,0.0177693627983397,0.08084100792153584,0.21980629949080566
32,uchuu,medium,combined,MCMC-add,358597,2450717,0.08730312199693467,0.09546573637046454,0.12936592260393265,0.13868845733749915,0.09546573637046454,0.16836922230446502,0.7683466184217326,0.0177693627983397,0.09360183177088233,0.18983990443515442
32,uchuu,medium,combined,MCMC-comb,358597,2450717,0.08730312199693467,0.09546573637046454,0.12936592260393265,0.1362725956164972,0.19091710595135586,0.23456248988467576,0.551520077517664,0.0177693627983397,0.14282898394455237,0.1244100623528761
32,uchuu,high,additive,OLS,358597,2450717,0.17460624399386934,0.0,0.17460624399386934,0.2370802236905956,0.0,0.2370802236905956,0.7364859087603246,0.15924412854748465,0.07196882974977112,2.2126819221760528
32,uchuu,high,additive,ISD-1,358597,2450717,0.17460624399386934,0.0,0.17460624399386934,0.25328269494854017,0.0,0.25328269494854017,0.6893729712933778,0.15924412854748465,0.06155234660385613,2.587133348016147
32,uchuu,high,additive,ElasticNet,358597,2450717,0.17460624399386934,0.0,0.17460624399386934,0.13857977610910835,0.0,0.13857977610910835,1.2599691592544946,0.15924412854748465,0.05725881766104551,2.781128480335739
32,uchuu,high,additive,MCMC-add,358597,2450717,0.17460624399386934,0.0,0.17460624399386934,0.2372318238410033,0.0,0.2372318238410033,0.7360152662776531,0.15924412854748465,0.09224897811848529,1.726242737810605
32,uchuu,high,additive,MCMC-comb,358597,2450717,0.17460624399386934,0.0,0.17460624399386934,0.24615694486598164,0.25847427582532323,0.35693443763411115,0.48918295794382255,0.15924412854748465,0.18768016174324595,0.8484867397191241
32,uchuu,high,multiplicative,OLS,358597,2450717,0.0,0.1909314727409291,0.1909314727409291,0.03432568081366392,0.1909314727409291,0.19399247316930027,0.9842210350826354,0.06657704083241127,0.07091040532825822,0.9388895822018368
32,uchuu,high,multiplicative,ISD-1,358597,2450717,0.0,0.1909314727409291,0.1909314727409291,0.034651814588233285,0.1909314727409291,0.19405044585694062,0.9839269984552835,0.06657704083241127,0.07087953142256402,0.9392985463673215
32,uchuu,high,multiplicative,ElasticNet,358597,2450717,0.0,0.1909314727409291,0.1909314727409291,0.0,0.1909314727409291,0.1909314727409291,1.0,0.06657704083241127,0.0665770408323825,1.000000000000432
32,uchuu,high,multiplicative,MCMC-add,358597,2450717,0.0,0.1909314727409291,0.1909314727409291,0.0339071865281551,0.1909314727409291,0.1939188608188364,0.9845946491986759,0.06657704083241127,0.07156063726599605,0.9303584117751719
32,uchuu,high,multiplicative,MCMC-comb,358597,2450717,0.0,0.1909314727409291,0.1909314727409291,0.01919842866555543,0.17286799279143264,0.17393079829335928,1.0977438993805786,0.06657704083241127,0.1131816246294931,0.5882318887925071
32,uchuu,high,combined,OLS,358597,2450717,0.17460624399386934,0.1909314727409291,0.2587318452078653,0.24048416616746587,0.1909314727409291,0.30706263442542386,0.8426028314777041,0.10799608129996244,0.10016133480166667,1.0782212668572124
32,uchuu,high,combined,ISD-1,358597,2450717,0.17460624399386934,0.1909314727409291,0.2587318452078653,0.2563814924423722,0.1909314727409291,0.31966591458896315,0.8093820247947021,0.10799608129996244,0.10279424640667034,1.050604339008555
32,uchuu,high,combined,ElasticNet,358597,2450717,0.17460624399386934,0.1909314727409291,0.2587318452078653,0.2384229131251198,0.1909314727409291,0.30545099899343686,0.8470486135598614,0.10799608129996244,0.10174527833908355,1.061435803832066
32,uchuu,high,combined,MCMC-add,358597,2450717,0.17460624399386934,0.1909314727409291,0.2587318452078653,0.23968994258914952,0.1909314727409291,0.30644101530540907,0.8443120610013798,0.10799608129996244,0.14326340016333797,0.7538288298116167
32,uchuu,high,combined,MCMC-comb,358597,2450717,0.17460624399386934,0.1909314727409291,0.2587318452078653,0.2197296969985804,0.14681562897485453,0.2642649591874982,0.9790622487497213,0.10799608129996244,0.1729579474602458,0.6244065848710724
32,glass,low,additive,OLS,241930,2422599,0.03492124879877386,0.0,0.03492124879877386,0.012692151680248018,0.0,0.012692151680248018,2.7514049373613743,0.8720678805720129,0.3078260960609924,2.832988793774073
32,glass,low,additive,ISD-1,241930,2422599,0.03492124879877386,0.0,0.03492124879877386,0.012830132692314073,0.0,0.012830132692314073,2.721815092348463,0.8720678805720129,0.24368022101236875,3.5787388773245916
32,glass,low,additive,ElasticNet,241930,2422599,0.03492124879877386,0.0,0.03492124879877386,0.012841413306045768,0.0,0.012841413306045768,2.719424098150696,0.8720678805720129,0.24905415797315106,3.5015190578188418
32,glass,low,additive,MCMC-add,241930,2422599,0.03492124879877386,0.0,0.03492124879877386,0.012700953430045635,0.0,0.012700953430045635,2.7494982161074177,0.8720678805720129,0.29246051831684866,2.9818311394334045
32,glass,low,additive,MCMC-comb,241930,2422599,0.03492124879877386,0.0,0.03492124879877386,0.012818997268467996,0.05521723460733019,0.05668570973931554,0.6160503054362132,0.8720678805720129,0.7194639133584435,1.2121078825221643
32,glass,low,multiplicative,OLS,241930,2422599,0.0,0.03818629454818582,0.03818629454818582,0.005423013704133489,0.03818629454818582,0.03856944605456534,0.990065931830147,0.17189231430916338,0.18069827262702987,0.951267058672761
32,glass,low,multiplicative,ISD-1,241930,2422599,0.0,0.03818629454818582,0.03818629454818582,0.0054243346147533735,0.03818629454818582,0.03856963180189328,0.9900611637757806,0.17189231430916338,0.18429115309591318,0.9327214650380048
32,glass,low,multiplicative,ElasticNet,241930,2422599,0.0,0.03818629454818582,0.03818629454818582,0.0,0.03818629454818582,0.03818629454818582,1.0,0.17189231430916338,0.17189231430857602,1.000000000003417
32,glass,low,multiplicative,MCMC-add,241930,2422599,0.0,0.03818629454818582,0.03818629454818582,0.005227424772572781,0.03818629454818582,0.03854243195588096,0.9907598615442117,0.17189231430916338,0.1557254313733402,1.1038165879089092
32,glass,low,multiplicative,MCMC-comb,241930,2422599,0.0,0.03818629454818582,0.03818629454818582,0.005687749198154421,0.06121541759264848,0.0614790845896671,0.6211265961920952,0.17189231430916338,0.5699839417970697,0.3015739597280828
32,glass,low,combined,OLS,241930,2422599,0.03492124879877386,0.03818629454818582,0.05174636904157306,0.012833150703863714,0.03818629454818582,0.04028502014780288,1.2845064704378775,0.7470885224597994,0.39094343645795165,1.9109887845377687
32,glass,low,combined,ISD-1,241930,2422599,0.03492124879877386,0.03818629454818582,0.05174636904157306,0.012964268829491147,0.03818629454818582,0.04032698051682176,1.2831699368116065,0.7470885224597994,0.3857594127498288,1.9366695867102495
32,glass,low,combined,ElasticNet,241930,2422599,0.03492124879877386,0.03818629454818582,0.05174636904157306,0.01298294440950378,0.03818629454818582,0.040332988196525574,1.2829788060689902,0.7470885224597994,0.4036260531650787,1.8509422684720707
32,glass,low,combined,MCMC-add,241930,2422599,0.03492124879877386,0.03818629454818582,0.05174636904157306,0.012804011909095752,0.03818629454818582,0.04027574719715417,1.2848022108260078,0.7470885224597994,0.2755369321173627,2.711391597194612
32,glass,low,combined,MCMC-comb,241930,2422599,0.03492124879877386,0.03818629454818582,0.05174636904157306,0.012307093282112916,0.06802517731065072,0.06912951101519595,0.7485423848896927,0.7470885224597994,0.8584212718938334,0.8703052299852568
32,glass,medium,additive,OLS,241930,2422599,0.08730312199693467,0.0,0.08730312199693467,0.039094126331694255,0.0,0.039094126331694255,2.2331518872224185,5.462205783619161,0.35042660366659256,15.587303379557573
32,glass,medium,additive,ISD-1,241930,2422599,0.08730312199693467,0.0,0.08730312199693467,0.039455555402860394,0.0,0.039455555402860394,2.212695299952754,5.462205783619161,0.37522304828907443,14.557223519518555
32,glass,medium,additive,ElasticNet,241930,2422599,0.08730312199693467,0.0,0.08730312199693467,0.03946764027356442,0.0,0.03946764027356442,2.212017779421453,5.462205783619161,0.30718647877779726,17.781400422803884
32,glass,medium,additive,MCMC-add,241930,2422599,0.08730312199693467,0.0,0.08730312199693467,0.039096505760592676,0.0,0.039096505760592676,2.233015976709915,5.462205783619161,0.4437797227583108,12.308371706730641
32,glass,medium,additive,MCMC-comb,241930,2422599,0.08730312199693467,0.0,0.08730312199693467,0.03937093642975985,0.051674255151253984,0.064963830558189,1.3438727557596233,5.462205783619161,0.9708059234044347,5.626465240822004
32,glass,medium,multiplicative,OLS,241930,2422599,0.0,0.09546573637046454,0.09546573637046454,0.0053151205504078395,0.09546573637046454,0.0956135833823856,0.9984537028454443,0.40717033245666034,0.44190977419557664,0.9213879308233142
32,glass,medium,multiplicative,ISD-1,241930,2422599,0.0,0.09546573637046454,0.09546573637046454,0.005315513335565719,0.09546573637046454,0.09561360521795846,0.9984534748255037,0.40717033245666034,0.4572909492832785,0.8903966568654524
32,glass,medium,multiplicative,ElasticNet,241930,2422599,0.0,0.09546573637046454,0.09546573637046454,0.0,0.09546573637046454,0.09546573637046454,1.0,0.40717033245666034,0.40717033245569184,1.0000000000023785
32,glass,medium,multiplicative,MCMC-add,241930,2422599,0.0,0.09546573637046454,0.09546573637046454,0.005224912299314747,0.09546573637046454,0.09560861116704168,0.9985056283651321,0.40717033245666034,0.4183268050067532,0.9733307251255087
32,glass,medium,multiplicative,MCMC-comb,241930,2422599,0.0,0.09546573637046454,0.09546573637046454,0.005758294553877054,0.0758493781314679,0.07606764173483763,1.2550111215915734,0.40717033245666034,0.7476499271311468,0.5446002436180775
32,glass,medium,combined,OLS,241930,2422599,0.08730312199693467,0.09546573637046454,0.12936592260393265,0.0394236276912445,0.09546573637046454,0.10328566813015684,1.2525060344375216,5.209896811037701,0.5365921178289772,9.70923097438826
32,glass,medium,combined,ISD-1,241930,2422599,0.08730312199693467,0.09546573637046454,0.12936592260393265,0.03977926345490203,0.09546573637046454,0.10342193491600098,1.2508557561701328,5.209896811037701,0.5152847101703922,10.11071492751049
32,glass,medium,combined,ElasticNet,241930,2422599,0.08730312199693467,0.09546573637046454,0.12936592260393265,0.039798110481143324,0.09546573637046454,0.10342918552625427,1.2507680684683982,5.209896811037701,0.47404206323165554,10.990368186992978
32,glass,medium,combined,MCMC-add,241930,2422599,0.08730312199693467,0.09546573637046454,0.12936592260393265,0.03921625984760447,0.09546573637046454,0.10320669482736995,1.2534644464714064,5.209896811037701,0.7237523772213426,7.1984520880466505
32,glass,medium,combined,MCMC-comb,241930,2422599,0.08730312199693467,0.09546573637046454,0.12936592260393265,0.03831152365759218,0.07065902951839313,0.08037705703400316,1.6094881720937475,5.209896811037701,1.1479311388859295,4.538509876205572
32,glass,high,additive,OLS,241930,2422599,0.17460624399386934,0.0,0.17460624399386934,0.08253415473111063,0.0,0.08253415473111063,2.115563484750306,21.753040510923324,0.6367938532403316,34.16025515986495
32,glass,high,additive,ISD-1,241930,2422599,0.17460624399386934,0.0,0.17460624399386934,0.083543090246965,0.0,0.083543090246965,2.0900141888181176,21.753040510923324,0.7554593665767841,28.794454703094036
32,glass,high,additive,ElasticNet,241930,2422599,0.17460624399386934,0.0,0.17460624399386934,0.08328382056208933,0.0,0.08328382056208933,2.096520582454521,21.753040510923324,0.6068179179767395,35.847722795418775
32,glass,high,additive,MCMC-add,241930,2422599,0.17460624399386934,0.0,0.17460624399386934,0.08245510879624274,0.0,0.08245510879624274,2.1175915785320716,21.753040510923324,0.7083726164634764,30.70847179204154
32,glass,high,additive,MCMC-comb,241930,2422599,0.17460624399386934,0.0,0.17460624399386934,0.08239504594851683,0.02325223182875802,0.08561314082473852,2.039479480741298,21.753040510923324,0.9492342034659658,22.916410335295367
32,glass,high,multiplicative,OLS,241930,2422599,0.0,0.1909314727409291,0.1909314727409291,0.005200700865643051,0.1909314727409291,0.19100228944312173,0.9996292363698932,0.4818676033474759,0.43628344327412316,1.1044829016000766
32,glass,high,multiplicative,ISD-1,241930,2422599,0.0,0.1909314727409291,0.1909314727409291,0.005199279696880473,0.1909314727409291,0.1910022507521483,0.9996294388629428,0.4818676033474759,0.45803300337299657,1.052036861533905
32,glass,high,multiplicative,ElasticNet,241930,2422599,0.0,0.1909314727409291,0.1909314727409291,0.0,0.1909314727409291,0.1909314727409291,1.0,0.4818676033474759,0.4818676033476066,0.9999999999997288
32,glass,high,multiplicative,MCMC-add,241930,2422599,0.0,0.1909314727409291,0.1909314727409291,0.005276136010374549,0.1909314727409291,0.19100435831210794,0.9996184088581908,0.4818676033474759,0.4301161378161042,1.120319748508246
32,glass,high,multiplicative,MCMC-comb,241930,2422599,0.0,0.1909314727409291,0.1909314727409291,0.0039909133193105,0.07540673386671803,0.07551226987429453,2.5284827625864406,0.4818676033474759,0.581504056590014,0.8286573376171884
32,glass,high,combined,OLS,241930,2422599,0.17460624399386934,0.1909314727409291,0.2587318452078653,0.08315490807365557,0.1909314727409291,0.20825360986008923,1.24238828504192,21.472031589177416,0.6754928221992326,31.787209106486063
32,glass,high,combined,ISD-1,241930,2422599,0.17460624399386934,0.1909314727409291,0.2587318452078653,0.08417179586378702,0.1909314727409291,0.20866173224133644,1.2399582924415589,21.472031589177416,0.5987381121921221,35.86214264958551
32,glass,high,combined,ElasticNet,241930,2422599,0.17460624399386934,0.1909314727409291,0.2587318452078653,0.0839008642892292,0.1909314727409291,0.20855258883912184,1.2406072091843074,21.472031589177416,0.6523984501833665,32.91245033329306
32,glass,high,combined,MCMC-add,241930,2422599,0.17460624399386934,0.1909314727409291,0.2587318452078653,0.08309083566470969,0.1909314727409291,0.20822803426647415,1.2425408812953604,21.472031589177416,1.244454535029788,17.25417119289412
32,glass,high,combined,MCMC-comb,241930,2422599,0.17460624399386934,0.1909314727409291,0.2587318452078653,0.07779994917707155,0.07950157780874195,0.11123548429361184,2.325982997699989,21.472031589177416,0.9848452434075183,21.802442295284074
64,uchuu,low,additive,OLS,330748,2256239,0.035807606026204274,0.0,0.035807606026204274,0.08234321482990926,0.0,0.08234321482990926,0.43485800378537065,0.023180392299313266,0.040040088748959944,0.5789295934044448
64,uchuu,low,additive,ISD-1,330748,2256239,0.035807606026204274,0.0,0.035807606026204274,0.08402990778861831,0.0,0.08402990778861831,0.42612930287011863,0.023180392299313266,0.04104674113518772,0.5647316122604834
64,uchuu,low,additive,ElasticNet,330748,2256239,0.035807606026204274,0.0,0.035807606026204274,0.024768984457571794,0.0,0.024768984457571794,1.4456630665476482,0.023180392299313266,0.035453321190725154,0.6538285136845635
64,uchuu,low,additive,MCMC-add,330748,2256239,0.035807606026204274,0.0,0.035807606026204274,0.08276442093523197,0.0,0.08276442093523197,0.43264491700154384,0.023180392299313266,0.04447586710186457,0.5211903400606545
64,uchuu,low,additive,MCMC-comb,330748,2256239,0.035807606026204274,0.0,0.035807606026204274,0.08980307375265507,0.05556417093686272,0.10560288418090534,0.3390779172741463,0.023180392299313266,0.12392067306631326,0.1870583150150324
64,uchuu,low,multiplicative,OLS,330748,2256239,0.0,0.03844695685293306,0.03844695685293306,0.0390310432094695,0.03844695685293306,0.054786776007269965,0.7017561472832663,0.02959882640441337,0.034418082694769696,0.8599789438274352
64,uchuu,low,multiplicative,ISD-1,330748,2256239,0.0,0.03844695685293306,0.03844695685293306,0.038844404200324166,0.03844695685293306,0.054653968098661035,0.7034613988782815,0.02959882640441337,0.034294724978150386,0.8630722778290587
64,uchuu,low,multiplicative,ElasticNet,330748,2256239,0.0,0.03844695685293306,0.03844695685293306,0.0,0.03844695685293306,0.03844695685293306,1.0,0.02959882640441337,0.02959882640441513,0.9999999999999405
64,uchuu,low,multiplicative,MCMC-add,330748,2256239,0.0,0.03844695685293306,0.03844695685293306,0.03887147344790135,0.03844695685293306,0.05467321043493053,0.7032138143541217,0.02959882640441337,0.03943455395932322,0.7505809862828571
64,uchuu,low,multiplicative,MCMC-comb,330748,2256239,0.0,0.03844695685293306,0.03844695685293306,0.04123694027772126,0.05186681285575148,0.0662619915130982,0.5802264009124015,0.02959882640441337,0.07325985916955689,0.4040251611173333
64,uchuu,low,combined,OLS,330748,2256239,0.035807606026204274,0.03844695685293306,0.05253906299677562,0.08333346661224293,0.03844695685293306,0.09177491568432578,0.5724773769064738,0.05065959568359694,0.06870931084412679,0.737303213512398
64,uchuu,low,combined,ISD-1,330748,2256239,0.035807606026204274,0.03844695685293306,0.05253906299677562,0.08509852889842331,0.03844695685293306,0.0933805553202972,0.562633867581592,0.05065959568359694,0.06856514350311489,0.7388534916622101
64,uchuu,low,combined,ElasticNet,330748,2256239,0.035807606026204274,0.03844695685293306,0.05253906299677562,0.022957159138698006,0.03844695685293306,0.044779455635043194,1.1732849864226569,0.05065959568359694,0.06325910251633553,0.8008269745925498
64,uchuu,low,combined,MCMC-add,330748,2256239,0.035807606026204274,0.03844695685293306,0.05253906299677562,0.08310845161971005,0.03844695685293306,0.09157064607109083,0.5737544207778871,0.05065959568359694,0.0719837517669308,0.7037643140305152
64,uchuu,low,combined,MCMC-comb,330748,2256239,0.035807606026204274,0.03844695685293306,0.05253906299677562,0.08762759718682682,0.049491397853294546,0.10063793643656385,0.5220602176187615,0.05065959568359694,0.12104261927181367,0.41852692868315744
64,uchuu,medium,additive,OLS,330748,2256239,0.08951901506551067,0.0,0.08951901506551067,0.14729019053125736,0.0,0.14729019053125736,0.6077730957005809,0.018098446054571955,0.06682472784281615,0.2708345643717813
64,uchuu,medium,additive,ISD-1,330748,2256239,0.08951901506551067,0.0,0.08951901506551067,0.15251857204332778,0.0,0.15251857204332778,0.5869384552071464,0.018098446054571955,0.07874278106149048,0.22984260665671466
64,uchuu,medium,additive,ElasticNet,330748,2256239,0.08951901506551067,0.0,0.08951901506551067,0.06142929135931653,0.0,0.06142929135931653,1.4572692128562863,0.018098446054571955,0.07514780225400415,0.24083799541333364
64,uchuu,medium,additive,MCMC-add,330748,2256239,0.08951901506551067,0.0,0.08951901506551067,0.14712341784708138,0.0,0.14712341784708138,0.6084620407510913,0.018098446054571955,0.08930345023286157,0.2026623384357456
64,uchuu,medium,additive,MCMC-comb,330748,2256239,0.08951901506551067,0.0,0.08951901506551067,0.15436519393367137,0.0771432529339084,0.1725679418994297,0.5187464953234545,0.018098446054571955,0.18246770105070959,0.09918712161305862
64,uchuu,medium,multiplicative,OLS,330748,2256239,0.0,0.09611739213233264,0.09611739213233264,0.040548376286576975,0.09611739213233264,0.10432029471679247,0.9213681038121204,0.066782377667743,0.07234742862539595,0.9230788009554847
64,uchuu,medium,multiplicative,ISD-1,330748,2256239,0.0,0.09611739213233264,0.09611739213233264,0.0405500561399131,0.09611739213233264,0.10432094767241479,0.9213623368736767,0.066782377667743,0.07248493774470967,0.9213276543459146
64,uchuu,medium,multiplicative,ElasticNet,330748,2256239,0.0,0.09611739213233264,0.09611739213233264,0.0,0.09611739213233264,0.09611739213233264,1.0,0.066782377667743,0.06678237766775796,0.999999999999776
64,uchuu,medium,multiplicative,MCMC-add,330748,2256239,0.0,0.09611739213233264,0.09611739213233264,0.040520761791141856,0.09611739213233264,0.10430956430958314,0.9214628856761712,0.066782377667743,0.07545914596083014,0.8850136960522832
64,uchuu,medium,multiplicative,MCMC-comb,330748,2256239,0.0,0.09611739213233264,0.09611739213233264,0.033890627949067775,0.04817042740070685,0.05889791794918479,1.6319319167658797,0.066782377667743,0.05808878227245889,1.1496604861590622
64,uchuu,medium,combined,OLS,330748,2256239,0.08951901506551067,0.09611739213233264,0.13134765749193902,0.149694654259453,0.09611739213233264,0.17789615674369633,0.73833892702459,0.07274144445710858,0.13048477340543557,0.5574707497179775
64,uchuu,medium,combined,ISD-1,330748,2256239,0.08951901506551067,0.09611739213233264,0.13134765749193902,0.15503257713616897,0.09611739213233264,0.1824106714087824,0.7200656435148406,0.07274144445710858,0.1342053257861186,0.5420160789523043
64,uchuu,medium,combined,ElasticNet,330748,2256239,0.08951901506551067,0.09611739213233264,0.13134765749193902,0.06599474751913188,0.09611739213233264,0.11659270890769527,1.1265512116707488,0.07274144445710858,0.1322558033948,0.5500056904116815
64,uchuu,medium,combined,MCMC-add,330748,2256239,0.08951901506551067,0.09611739213233264,0.13134765749193902,0.14921828146709737,0.09611739213233264,0.17749548894074602,0.7400056095836177,0.07274144445710858,0.14721537161297366,0.49411582268966053
64,uchuu,medium,combined,MCMC-comb,330748,2256239,0.08951901506551067,0.09611739213233264,0.13134765749193902,0.1428421388772454,0.04322413146673469,0.14923874222225214,0.8801176928731481,0.07274144445710858,0.16240798832854872,0.4478932668629194
64,uchuu,high,additive,OLS,330748,2256239,0.17903803013102135,0.0,0.17903803013102135,0.2486149180985054,0.0,0.2486149180985054,0.7201419428100589,0.10098487066531768,0.07241699613096363,1.3944912943183951
64,uchuu,high,additive,ISD-1,330748,2256239,0.17903803013102135,0.0,0.17903803013102135,0.2657539140396011,0.0,0.2657539140396011,0.6736985634926234,0.10098487066531768,0.06812645992017455,1.4823149593218867
64,uchuu,high,additive,ElasticNet,330748,2256239,0.17903803013102135,0.0,0.17903803013102135,0.2464998065872609,0.0,0.2464998065872609,0.7263211789484383,0.10098487066531768,0.07127261052307261,1.4168818838567239
64,uchuu,high,additive,MCMC-add,330748,2256239,0.17903803013102135,0.0,0.17903803013102135,0.24842867434457563,0.0,0.24842867434457563,0.7206818238811352,0.10098487066531768,0.14186281429131053,0.7118487756625822
64,uchuu,high,additive,MCMC-comb,330748,2256239,0.17903803013102135,0.0,0.17903803013102135,0.25684078189144993,0.0902168385290621,0.2722246594208361,0.6576848346947284,0.10098487066531768,0.2338915234909258,0.43175942914936616
64,uchuu,high,multiplicative,OLS,330748,2256239,0.0,0.19223478426466528,0.19223478426466528,0.043322328586979555,0.19223478426466528,0.19705592210202827,0.9755341641807305,0.10865144921778862,0.11564416554197694,0.93953247626963
64,uchuu,high,multiplicative,ISD-1,330748,2256239,0.0,0.19223478426466528,0.19223478426466528,0.04354943471430639,0.19223478426466528,0.19710597541733238,0.9752864359269001,0.10865144921778862,0.11535065585128142,0.9419231162228509
64,uchuu,high,multiplicative,ElasticNet,330748,2256239,0.0,0.19223478426466528,0.19223478426466528,0.0,0.19223478426466528,0.19223478426466528,1.0,0.10865144921778862,0.10865144921773295,1.0000000000005123
64,uchuu,high,multiplicative,MCMC-add,330748,2256239,0.0,0.19223478426466528,0.19223478426466528,0.04365555524390725,0.19223478426466528,0.19712944930916904,0.975170300218172,0.10865144921778862,0.11640641470159722,0.9333802565461008
64,uchuu,high,multiplicative,MCMC-comb,330748,2256239,0.0,0.19223478426466528,0.19223478426466528,0.04726850184106757,0.08168152742714273,0.09437257646758447,2.0369771755748873,0.10865144921778862,0.08757087401962516,1.2407258741466847
64,uchuu,high,combined,OLS,330748,2256239,0.17903803013102135,0.19223478426466528,0.26269531498387805,0.25306298289886514,0.19223478426466528,0.317797239753516,0.8266129535537342,0.05814490215983045,0.18000100447806017,0.3230254315992863
64,uchuu,high,combined,ISD-1,330748,2256239,0.17903803013102135,0.19223478426466528,0.26269531498387805,0.26675241656823795,0.19223478426466528,0.3288024696170592,0.7989456870254865,0.05814490215983045,0.17854438417732535,0.32566077296546353
64,uchuu,high,combined,ElasticNet,330748,2256239,0.17903803013102135,0.19223478426466528,0.26269531498387805,0.25102537539084124,0.19223478426466528,0.31617708862502225,0.8308486744763085,0.05814490215983045,0.17948462725754177,0.32395477567222825
64,uchuu,high,combined,MCMC-add,330748,2256239,0.17903803013102135,0.19223478426466528,0.26269531498387805,0.25329292688844957,0.19223478426466528,0.31798037532684287,0.8261368794028912,0.05814490215983045,0.22854328042126285,0.254415277721816
64,uchuu,high,combined,MCMC-comb,330748,2256239,0.17903803013102135,0.19223478426466528,0.26269531498387805,0.23872089468716026,0.09459807723057269,0.256780960695998,1.0230326822979763,0.05814490215983045,0.1777495194728253,0.3271170708774814
64,glass,low,additive,OLS,230453,2303748,0.035807606026204274,0.0,0.035807606026204274,0.008794535072636403,0.0,0.008794535072636403,4.071574646125092,0.6180849607093946,0.2838597881051074,2.1774305012886517
64,glass,low,additive,ISD-1,230453,2303748,0.035807606026204274,0.0,0.035807606026204274,0.008694762676610368,0.0,0.008694762676610368,4.1182959625257745,0.6180849607093946,0.3124186002978022,1.9783872026832796
64,glass,low,additive,ElasticNet,230453,2303748,0.035807606026204274,0.0,0.035807606026204274,0.008119296170866333,0.0,0.008119296170866333,4.410185965957143,0.6180849607093946,0.31231821018229555,1.979023126280813
64,glass,low,additive,MCMC-add,230453,2303748,0.035807606026204274,0.0,0.035807606026204274,0.00868879723914193,0.0,0.00868879723914193,4.12112344674077,0.6180849607093946,0.2938370613979133,2.103495582786222
64,glass,low,additive,MCMC-comb,230453,2303748,0.035807606026204274,0.0,0.035807606026204274,0.008832166991365945,0.09708287748793784,0.09748380519399785,0.3673185095200713,0.6180849607093946,2.2732612463735355,0.27189350176773863
64,glass,low,multiplicative,OLS,230453,2303748,0.0,0.03844695685293306,0.03844695685293306,0.025713579341787134,0.03844695685293306,0.04625317993195364,0.8312284022308333,0.4207516926214545,0.47095624132068414,0.8933986975978002
64,glass,low,multiplicative,ISD-1,230453,2303748,0.0,0.03844695685293306,0.03844695685293306,0.025715869825827794,0.03844695685293306,0.04625445332235824,0.8312055184175914,0.4207516926214545,0.4746960214413434,0.8863602676590906
64,glass,low,multiplicative,ElasticNet,230453,2303748,0.0,0.03844695685293306,0.03844695685293306,0.024773788571410223,0.03844695685293306,0.045737392704790596,0.8406022857727541,0.4207516926214545,0.428994267783523,0.980786281353699
64,glass,low,multiplicative,MCMC-add,230453,2303748,0.0,0.03844695685293306,0.03844695685293306,0.026046700007206207,0.03844695685293306,0.046439197586916725,0.8278988193319837,0.4207516926214545,0.2791171927908289,1.5074373900599052
64,glass,low,multiplicative,MCMC-comb,230453,2303748,0.0,0.03844695685293306,0.03844695685293306,0.025482271026621314,0.09280828118351096,0.09624304230910315,0.3994777796970842,0.4207516926214545,1.668026936305274,0.25224514272738974
64,glass,low,combined,OLS,230453,2303748,0.035807606026204274,0.03844695685293306,0.05253906299677562,0.00849989822395318,0.03844695685293306,0.03937533188518998,1.3343141627343802,0.7609642884010761,0.7291008226183496,1.0437024137050048
64,glass,low,combined,ISD-1,230453,2303748,0.035807606026204274,0.03844695685293306,0.05253906299677562,0.00841237809870357,0.03844695685293306,0.03935653181527615,1.3349515461213148,0.7609642884010761,0.7769761784479079,0.9793920450961351
64,glass,low,combined,ElasticNet,230453,2303748,0.035807606026204274,0.03844695685293306,0.05253906299677562,0.007952741478913016,0.03844695685293306,0.039260853127278325,1.3382048226626952,0.7609642884010761,0.7288943443381554,1.0439980695584086
64,glass,low,combined,MCMC-add,230453,2303748,0.035807606026204274,0.03844695685293306,0.05253906299677562,0.008248117376098799,0.03844695685293306,0.039321748835742285,1.3361324089690332,0.7609642884010761,0.29973127074554606,2.5388218136474965
64,glass,low,combined,MCMC-comb,230453,2303748,0.035807606026204274,0.03844695685293306,0.05253906299677562,0.008483330849948246,0.09314577570409233,0.09353129120153725,0.5617271217133812,0.7609642884010761,2.1894424627288758,0.34756076094944555
64,glass,medium,additive,OLS,230453,2303748,0.08951901506551067,0.0,0.08951901506551067,0.020892656742151412,0.0,0.020892656742151412,4.2847119047767634,3.623374886492898,0.3856743715797017,9.394907086130061
64,glass,medium,additive,ISD-1,230453,2303748,0.08951901506551067,0.0,0.08951901506551067,0.02124420443992622,0.0,0.02124420443992622,4.213808773995284,3.623374886492898,0.4360839209019212,8.308893570299338
64,glass,medium,additive,ElasticNet,230453,2303748,0.08951901506551067,0.0,0.08951901506551067,0.021799225383247637,0.0,0.021799225383247637,4.1065227544417535,3.623374886492898,0.45262852221673266,8.005184624131823
64,glass,medium,additive,MCMC-add,230453,2303748,0.08951901506551067,0.0,0.08951901506551067,0.02103533685974046,0.0,0.02103533685974046,4.255649227887629,3.623374886492898,0.556079354640856,6.515931325724285
64,glass,medium,additive,MCMC-comb,230453,2303748,0.08951901506551067,0.0,0.08951901506551067,0.021123062000927863,0.09071738622878686,0.0931441244119989,0.9610806439013426,3.623374886492898,2.731961842288991,1.326290444619472
64,glass,medium,multiplicative,OLS,230453,2303748,0.0,0.09611739213233264,0.09611739213233264,0.02543098745290569,0.09611739213233264,0.09942478661355249,0.9667347087796614,0.9778008262989438,0.9789078149256848,0.9988691594756295
64,glass,medium,multiplicative,ISD-1,230453,2303748,0.0,0.09611739213233264,0.09611739213233264,0.025432273025353648,0.09611739213233264,0.0994251154465346,0.9667315114561705,0.9778008262989438,1.008182483584638,0.9698649224913422
64,glass,medium,multiplicative,ElasticNet,230453,2303748,0.0,0.09611739213233264,0.09611739213233264,0.023703118735168602,0.09611739213233264,0.09899692373045792,0.9709129184057732,0.9778008262989438,1.0044717482704821,0.9734478127259818
64,glass,medium,multiplicative,MCMC-add,230453,2303748,0.0,0.09611739213233264,0.09611739213233264,0.02529681564030397,0.09611739213233264,0.09939055262880939,0.967067689937283,0.9778008262989438,0.27913420318970644,3.5029774750835765
64,glass,medium,multiplicative,MCMC-comb,230453,2303748,0.0,0.09611739213233264,0.09611739213233264,0.024383216451424383,0.07681086465929048,0.08058815157468777,1.192698805645798,0.9778008262989438,1.3006112399038647,0.7518009965616
64,glass,medium,combined,OLS,230453,2303748,0.08951901506551067,0.09611739213233264,0.13134765749193902,0.02116145121537802,0.09611739213233264,0.09841930749533562,1.3345720553679365,3.2110635272702415,0.9669513582246393,3.320811848453143
64,glass,medium,combined,ISD-1,230453,2303748,0.08951901506551067,0.09611739213233264,0.13134765749193902,0.021403746217624756,0.09611739213233264,0.09847168843108707,1.3338621443853822,3.2110635272702415,0.9773328987573262,3.2855371300332696
64,glass,medium,combined,ElasticNet,230453,2303748,0.08951901506551067,0.09611739213233264,0.13134765749193902,0.021762828699330418,0.09611739213233264,0.09855036166000103,1.3327973158037587,3.2110635272702415,0.9707628107362967,3.3077735279483345
64,glass,medium,combined,MCMC-add,230453,2303748,0.08951901506551067,0.09611739213233264,0.13134765749193902,0.021334561566380326,0.09611739213233264,0.0984566736567424,1.3340655601454419,3.2110635272702415,1.4042206510681023,2.286722905568856
64,glass,medium,combined,MCMC-comb,230453,2303748,0.08951901506551067,0.09611739213233264,0.13134765749193902,0.018843916162656602,0.044377266397765895,0.048212394145940446,2.7243545942635725,3.2110635272702415,1.447598498133074,2.2182003721414865
64,glass,high,additive,OLS,230453,2303748,0.17903803013102135,0.0,0.17903803013102135,0.06553449566634917,0.0,0.06553449566634917,2.731966246334513,15.40909069405322,1.2723601849507045,12.110635711734583
64,glass,high,additive,ISD-1,230453,2303748,0.17903803013102135,0.0,0.17903803013102135,0.06694919693241448,0.0,0.06694919693241448,2.674237157941731,15.40909069405322,1.2356173143945917,12.470763006103653
64,glass,high,additive,ElasticNet,230453,2303748,0.17903803013102135,0.0,0.17903803013102135,0.06631711674255701,0.0,0.06631711674255701,2.699725786120148,15.40909069405322,1.2220214952351247,12.609508714974291
64,glass,high,additive,MCMC-add,230453,2303748,0.17903803013102135,0.0,0.17903803013102135,0.06541400212709099,0.0,0.06541400212709099,2.736998567725202,15.40909069405322,1.3535117053633996,11.38452710308559
64,glass,high,additive,MCMC-comb,230453,2303748,0.17903803013102135,0.0,0.17903803013102135,0.06537745547473313,0.07458320358304123,0.09918097570129106,1.805165041632987,15.40909069405322,3.084200917338747,4.996137121750552
64,glass,high,multiplicative,OLS,230453,2303748,0.0,0.19223478426466528,0.19223478426466528,0.025098058786630108,0.19223478426466528,0.19386625502170188,0.991584555255096,1.345484958679396,1.3913770899651243,0.9670167551149784
64,glass,high,multiplicative,ISD-1,230453,2303748,0.0,0.19223478426466528,0.19223478426466528,0.025096466496421773,0.19223478426466528,0.19386604888914516,0.9915856095802899,1.345484958679396,1.3878921243454891,0.9694449122361785
64,glass,high,multiplicative,ElasticNet,230453,2303748,0.0,0.19223478426466528,0.19223478426466528,0.02479850814351938,0.19223478426466528,0.193827702579963,0.9917817819945496,1.345484958679396,1.3855064142545745,0.9711142040459547
64,glass,high,multiplicative,MCMC-add,230453,2303748,0.0,0.19223478426466528,0.19223478426466528,0.025300709384922914,0.19223478426466528,0.19389259443481263,0.9914498530746891,1.345484958679396,0.5943213396912242,2.2639014768987327
64,glass,high,multiplicative,MCMC-comb,230453,2303748,0.0,0.19223478426466528,0.19223478426466528,0.02483240424317201,0.15246695986609238,0.15447595978437853,1.244431719556826,1.345484958679396,2.3605331236172598,0.5699919841063644
64,glass,high,combined,OLS,230453,2303748,0.17903803013102135,0.19223478426466528,0.26269531498387805,0.06623573591663838,0.19223478426466528,0.20332580995461708,1.2919919760433387,14.578861563621846,0.8073044095562971,18.058691852847105
64,glass,high,combined,ISD-1,230453,2303748,0.17903803013102135,0.19223478426466528,0.26269531498387805,0.06717569520802548,0.19223478426466528,0.20363395175648863,1.2900369153470868,14.578861563621846,1.204634517314259,12.102310994811537
64,glass,high,combined,ElasticNet,230453,2303748,0.17903803013102135,0.19223478426466528,0.26269531498387805,0.06701949635185706,0.19223478426466528,0.2035824775675426,1.2903630907857655,14.578861563621846,0.7909320893015152,18.432507367979813
64,glass,high,combined,MCMC-add,230453,2303748,0.17903803013102135,0.19223478426466528,0.26269531498387805,0.0663083369894821,0.19223478426466528,0.2033494721792833,1.2918416368067698,14.578861563621846,2.805593840947512,5.196354992958723
64,glass,high,combined,MCMC-comb,230453,2303748,0.17903803013102135,0.19223478426466528,0.26269531498387805,0.06348870558100278,0.14846358130795906,0.16146903948167965,1.6269082656782856,14.578861563621846,3.5689913570781675,4.084868834077858
