k,mode,mock_id,n_galaxies,lrt_lambda,lrt_reject,lrt_correct,snr_a,snr_b,a_true,b_true,a_hat,b_hat,tp,fp
1,additive,0,226398,63.739955828039456,True,False,"[29.160845126686006, 0.8461717149355321, 0.2818432866890248, 2.7277684778682265]","[6.50049585968549, 1.5972397840370796, 4.3486474256504835, 1.9611474668957765]","[-0.1655007673598298, 0.0, 0.0, 0.0]","[0.0, 0.0, 0.0, 0.0]","[-0.18421495206492927, 0.005270074229438496, -0.001798383625040731, -0.017016783331688486]","[-0.050855859326497437, 0.01264334054371317, 0.034708027065087736, -0.015468455692641067]",1.0,0.3333333333333333
1,additive,1,245476,9.600671614118255,True,False,"[5.448972585669722, 1.1403474866574501, 0.5687055263454386, 0.17450904413167068]","[1.729957482160161, 2.035861011042844, 1.3332252193222067, 1.1420447149835866]","[0.037779833953523675, 0.0, 0.0, 0.0]","[0.0, 0.0, 0.0, 0.0]","[0.03226190018368957, -0.006645597273500588, -0.0033762952478208447, -0.001020196167936427]","[-0.014150576640710929, -0.016937511491910435, -0.010450088508982243, -0.008878983568212546]",1.0,0.0
1,additive,2,235024,38.96367508307412,True,False,"[24.637010748744856, 0.16304674957397644, 0.08453940849082453, 0.07496596640202773]","[0.7941965592305502, 1.7356079572393985, 4.754160143600556, 3.865305314571289]","[-0.15352977646089802, 0.0, 0.0, 0.0]","[0.0, 0.0, 0.0, 0.0]","[-0.15137498891582807, -0.0009869250078462417, -0.0005245767812680609, 0.00045496737362826333]","[0.00599708590774487, -0.01340678404963051, -0.03874352661746104, -0.029919917211960467]",1.0,0.0
1,additive,3,242470,27.829565355099476,True,False,"[6.573566851278242, 1.5288663007441823, 0.5398617517617795, 3.3337953873740336]","[2.830219295410586, 1.4052617808499137, 3.7066051719954274, 1.1669616595591017]","[0.04418021459930365, 0.0, 0.0, 0.0]","[0.0, 0.0, 0.0, 0.0]","[0.038110594533975986, 0.008745823618488663, -0.003158694739815241, -0.019153747451070208]","[-0.02171629473110558, 0.011481157957364036, -0.03051759864269151, -0.009496296209939253]",1.0,0.3333333333333333
1,additive,4,248594,4.331764150731033,False,True,"[8.32683987428074, 0.005725153530637607, 1.4020271822967825, 3.5892077870275503]","[0.7283222131782013, 0.2708348603309933, 1.5365701774984042, 1.2548025402350254]","[-0.04956708246551158, 0.0, 0.0, 0.0]","[0.0, 0.0, 0.0, 0.0]","[-0.05092282212116399, 3.445184732169113e-05, 0.008614278547801479, -0.02167126761281937]","[-0.005808469114416849, 0.002271024151551374, 0.013295120200727074, -0.010162691038071494]",1.0,0.3333333333333333
1,multiplicative,0,226641,479.8314939541324,True,True,"[0.7257879883637276, 1.3517947844331681, 0.1413981962479611, 2.303068134906977]","[23.935577172741258, 1.5944029870569076, 3.9116029920024595, 0.001177414552466907]","[0.0, 0.0, 0.0, 0.0]","[-0.1655007673598298, 0.0, 0.0, 0.0]","[0.004628237949677541, 0.008498653567283283, -0.0009107509769265654, -0.014503001132380993]","[-0.16781870093374912, 0.011721849962559962, 0.028826571601183855, 8.74728196782114e-06]",1.0,0.3333333333333333
1,multiplicative,1,245336,12.156297570818424,True,True,"[0.197754830994479, 0.5646126251103986, 0.927329515530385, 0.21110786481126337]","[2.455930250306842, 1.5766718498809442, 0.823468129717036, 1.6881639641933976]","[0.0, 0.0, 0.0, 0.0]","[0.037779833953523675, 0.0, 0.0, 0.0]","[-0.001168722206394107, -0.00328440170222322, -0.005495357186451986, 0.0012319101553440479]","[0.01991420679401886, -0.012682809785066147, -0.0065438017418981064, -0.012659887679386339]",1.0,0.0
1,multiplicative,2,235595,295.5480149585692,True,True,"[0.7847469357942213, 1.3402454753036184, 0.5568089875729859, 0.8431794733639518]","[17.170037211276018, 1.8235205690782526, 5.4554739306149695, 3.3051095638617167]","[0.0, 0.0, 0.0, 0.0]","[-0.15352977646089802, 0.0, 0.0, 0.0]","[0.0048772043830065835, -0.008206001152387581, 0.0034948722982805712, -0.005176203603930586]","[-0.12222157008926639, -0.01394470383740483, -0.043217269297607545, -0.024801621677231142]",1.0,0.6666666666666666
1,multiplicative,3,242399,30.888137640517016,True,True,"[1.0564867895883254, 2.149621035748477, 0.3022888689864882, 3.318417037907082]","[2.0663774253772207, 2.910055483707362, 3.8459797369232334, 1.884935058998083]","[0.0, 0.0, 0.0, 0.0]","[0.04418021459930365, 0.0, 0.0, 0.0]","[-0.006114052310916642, 0.012274775250552062, -0.0017654998805472844, -0.019031202010590356]","[0.0159122139291626, 0.023511246827389226, -0.031728039438225074, -0.015393175616856044]",1.0,0.6666666666666666
1,multiplicative,4,247515,26.538982871590633,True,True,"[0.13474695053899008, 0.465564080949364, 1.0399072956686437, 3.5480289863353818]","[4.626832882195843, 1.5871566484931297, 1.74483463044284, 0.277218831998855]","[0.0, 0.0, 0.0, 0.0]","[-0.04956708246551158, 0.0, 0.0, 0.0]","[0.0008242995660359257, -0.0028024554512538343, 0.006391326104138392, -0.02142923897267387]","[-0.03669406800993302, -0.013367393771027516, 0.014742446751987088, 0.0022379552086087997]",1.0,0.0
1,combined,0,226715,338.59631766514576,True,True,"[28.508873577605844, 0.9962757577431471, 0.605937455184706, 2.665463651676493]","[19.676395620873972, 0.6318686206323773, 4.823942769298542, 0.20739332023666562]","[-0.1655007673598298, 0.0, 0.0, 0.0]","[-0.10875369603666597, 0.0, 0.0, 0.0]","[-0.18103033351905945, 0.006237123068615706, -0.0038864131399366166, -0.016714340671839124]","[-0.14086021358361084, 0.004698288883947577, 0.03677529663187729, -0.0015697145091988593]",1.0,0.6666666666666666
1,combined,1,245113,10.299620741876424,True,True,"[6.277593027154184, 0.6708223209014498, 0.9611978277075508, 0.1926256186550652]","[1.7206077426800592, 1.2352904166306338, 1.295556007700616, 1.9804037813654156]","[0.037779833953523675, 0.0, 0.0, 0.0]","[0.020412616665433377, 0.0, 0.0, 0.0]","[0.03709897453558909, -0.0039020941357300653, -0.005695858312756458, -0.001124017887521792]","[0.014068077563014956, -0.010280849281684133, -0.010342527347964134, -0.015477940192324404]",1.0,0.0
1,combined,2,234805,92.28704088278937,True,True,"[24.50257265524716, 0.836948130771268, 0.11185733013662236, 0.30378942680082777]","[7.474417888904051, 1.9869194152766447, 4.973842757221656, 3.535032018260302]","[-0.15352977646089802, 0.0, 0.0, 0.0]","[-0.08138348070267823, 0.0, 0.0, 0.0]","[-0.14893653230217843, -0.005011803015619314, 0.0006866536758200252, -0.0018239469613228392]","[-0.05675725557514843, -0.01499350683947102, -0.03894141602674835, -0.02638270891147754]",1.0,0.6666666666666666
1,combined,3,242009,40.565875025104106,True,True,"[6.7247020827451225, 1.0577564258022367, 0.19285729577193111, 3.5097849069140703]","[5.616405986600017, 1.3018783189573166, 2.218463013222711, 0.854463665270946]","[0.04418021459930365, 0.0, 0.0, 0.0]","[-0.028170827659685118, 0.0, 0.0, 0.0]","[0.039131779374415074, 0.006073356660969836, 0.0011325909256756997, -0.02023984698080941]","[-0.043152824931941294, 0.010435659885756203, -0.017946458863272303, -0.006799895992597678]",1.0,0.6666666666666666
1,combined,4,248014,11.242457062831818,True,True,"[7.735806801333712, 0.17790358064114806, 1.7347739460926357, 3.7483889341228154]","[1.3092928775907018, 1.2984663988842835, 2.514833668541985, 1.5519083973855121]","[-0.04956708246551158, 0.0, 0.0, 0.0]","[-0.012496887280783815, 0.0, 0.0, 0.0]","[-0.0475199532349639, -0.0010753459513679962, 0.010706401035439343, -0.02273361494651337]","[-0.010642820771353015, -0.010559631418903408, 0.021352445047608692, -0.012644444322214033]",1.0,0.6666666666666666
2,additive,0,243704,24.836647750344127,True,False,"[7.627489609055669, 31.84563358964774, 0.8654418056817946, 3.5342517158188853]","[1.6360423858587836, 4.034997107732087, 1.706427101137481, 1.6637269337581286]","[-0.05395026835070856, 0.1805512652231566, 0.0, 0.0]","[0.0, 0.0, 0.0, 0.0]","[-0.04369361244386662, 0.17985382506896103, 0.0050075359001368535, 0.019993047455806927]","[-0.013632267141816846, 0.03066828328821433, -0.01450252523815028, 0.012951768589798358]",1.0,0.5
2,additive,1,241584,35.84048454527874,True,False,"[14.9660103861181, 19.80892106938934, 0.18937053217585165, 4.36142691769392]","[1.3090370434469207, 2.195671730424024, 2.1521816414605492, 4.662791799826964]","[-0.09467123636480955, 0.1393706251460694, 0.0, 0.0]","[0.0, 0.0, 0.0, 0.0]","[-0.10376519120389378, 0.13518482999421877, -0.0013165449658361478, -0.029858272408683648]","[-0.01059193963966084, 0.017673650787572045, 0.018883522037496797, -0.03733286983547114]",1.0,0.5
2,additive,2,228669,20.015128484423258,True,False,"[6.967698171333384, 11.248841923781205, 5.373130657743398, 3.54671770949326]","[2.014722269424076, 1.5851515140911865, 0.17679487190757576, 3.535305556470738]","[-0.04616091669567478, -0.07052086966132029, 0.0, 0.0]","[0.0, 0.0, 0.0, 0.0]","[-0.0433330051365069, -0.06891967006446029, 0.03374742400364658, 0.021787434818687158]","[0.016669059361301426, 0.011947384613610269, 0.001325789710070502, 0.027575514220612524]",1.0,1.0
2,additive,3,253076,135.16992615283198,True,False,"[27.314643846916432, 17.958120440099506, 6.22341965854798, 5.123519900577497]","[2.9610560427551365, 0.47821258284712537, 10.727606876857049, 4.089993008264203]","[0.1939628256039105, 0.12390768035248194, 0.0, 0.0]","[0.0, 0.0, 0.0, 0.0]","[0.18678969342654875, 0.12117270793674055, -0.04295037026639234, -0.03472129942335403]","[0.02555543980852107, -0.0037971760668783798, -0.07683132833813097, -0.03348750823320528]",1.0,1.0
2,additive,4,242724,82.57123161986237,True,False,"[8.865962593725142, 23.624482929070698, 3.3391429373028045, 5.403935661659689]","[2.8198207005019644, 0.10364311256303674, 0.5838534960534115, 8.604938517197265]","[-0.06667052058737304, -0.18130936749134813, 0.0, 0.0]","[0.0, 0.0, 0.0, 0.0]","[-0.06886709360015178, -0.18056821194867598, 0.026058601022158154, 0.0414428384539508]","[-0.023260154725886977, -0.0008264378470890586, -0.004608296622177716, 0.06613044428109516]",1.0,1.0
2,multiplicative,0,243364,540.7487378994156,True,True,"[1.733018160773852, 0.9487973349758255, 1.4564018869244237, 3.884450249666734]","[5.692858650087386, 25.143646054998953, 1.8709978953043187, 2.2300790975063696]","[0.0, 0.0, 0.0, 0.0]","[-0.05395026835070856, 0.1805512652231566, 0.0, 0.0]","[0.010154215741579896, 0.005480878641692227, 0.008619347282965751, 0.022475948479508748]","[-0.044911858009823405, 0.16773227393980092, -0.015218381879690582, 0.016794849248884247]",1.0,0.5
2,multiplicative,1,242462,457.8048078765805,True,True,"[1.1152991544719582, 0.811885916842215, 0.6725251257209875, 4.871162710940578]","[12.685017634017065, 17.018800468982004, 3.2794435265613506, 4.9320030607928675]","[0.0, 0.0, 0.0, 0.0]","[-0.09467123636480955, 0.1393706251460694, 0.0, 0.0]","[-0.007855384172391499, -0.005628498488508275, 0.004749656689378656, -0.033876545759805435]","[-0.09227190274237486, 0.12536585286511587, 0.02670653387941349, -0.03811008382081212]",1.0,1.0
2,multiplicative,2,228628,76.05919162735881,True,True,"[1.0121236279649073, 0.677619887002152, 4.795838371119731, 4.4666144134949075]","[1.6878229804340932, 7.426581376397229, 0.12243591868603894, 4.175118158085861]","[0.0, 0.0, 0.0, 0.0]","[-0.04616091669567478, -0.07052086966132029, 0.0, 0.0]","[0.006383643128616222, 0.004210436065202738, 0.03054803803095346, 0.027826814842149637]","[-0.01380234277201264, -0.05662325425484999, -0.0009187645855805226, 0.03081919037594745]",0.5,0.5
2,multiplicative,3,252516,827.318285231815,True,True,"[1.1654146921558584, 0.8992280438870703, 6.04704515080036, 4.9493013995659645]","[27.73486906623726, 15.290740664537497, 12.489236617809587, 0.8185694878747182]","[0.0, 0.0, 0.0, 0.0]","[0.1939628256039105, 0.12390768035248194, 0.0, 0.0]","[0.008234315598560873, 0.006269074464934566, -0.04311919937253874, -0.03465461648009554]","[0.17263065856419718, 0.10993480371447699, -0.0809613852638064, -0.006262720064481109]",1.0,0.5
2,multiplicative,4,244244,614.2462096625604,True,True,"[0.6944493129338835, 0.2891981914818874, 3.260629756145966, 5.396944597077452]","[9.027476795630426, 22.97717204951224, 1.207389912813637, 9.201890145927612]","[0.0, 0.0, 0.0, 0.0]","[-0.06667052058737304, -0.18130936749134813, 0.0, 0.0]","[-0.005506079308285245, -0.00225626760658987, 0.02597368826211763, 0.04224772550957079]","[-0.06643772321662193, -0.16070111892348443, -0.00914010363406444, 0.06586667483898566]",1.0,0.5
2,combined,0,244235,523.0588165128356,True,True,"[7.308801842655437, 31.466524912417256, 1.3758075810965182, 3.615493919180868]","[24.012034623879753, 11.049807431016351, 0.8840192772768155, 2.9133222681591793]","[-0.05395026835070856, 0.1805512652231566, 0.0, 0.0]","[0.20953021794271406, 0.04758538913768311, 0.0, 0.0]","[-0.042541352648413494, 0.18057072743884514, 0.008088587337910937, 0.020781549905315947]","[0.165380963859864, 0.07707137641133, -0.007445692097671105, 0.02215340444574938]",1.0,0.5
2,combined,1,241780,113.30801624798005,True,True,"[14.941283453021638, 19.430597850563903, 0.0643401757061313, 4.600063462294828]","[1.297874067157763, 9.41445844482175, 2.586299027733226, 4.559842001414212]","[-0.09467123636480955, 0.1393706251460694, 0.0, 0.0]","[0.005072177427518137, -0.10740484127435886, 0.0, 0.0]","[-0.1044951346393721, 0.13375678385286655, 0.0004511989250739704, -0.03176599156152024]","[-0.010132952528309026, -0.07551795493764174, 0.022424356783010278, -0.03633780943463814]",1.0,1.0
2,combined,2,229078,67.34785890510648,True,True,"[7.743419006313444, 11.134761505785475, 5.17127877622854, 3.5708065131408033]","[7.414184237541121, 2.4657375017561285, 1.2226361544489242, 3.2575144772758318]","[-0.04616091669567478, -0.07052086966132029, 0.0, 0.0]","[0.04876832397762646, -0.027820779510864316, 0.0, 0.0]","[-0.048823811528248544, -0.069164897358485, 0.03292915745730691, 0.022238999095020532]","[0.06063865889049962, -0.018854134183000852, -0.00942765773587787, 0.024084988578965138]",1.0,1.0
2,combined,3,253762,821.7099227277904,True,True,"[28.284446440082384, 17.62020761804345, 6.494250595145086, 5.450806293336222]","[33.171049548610256, 0.9876085843093346, 11.38660150166709, 3.49548429458925]","[0.1939628256039105, 0.12390768035248194, 0.0, 0.0]","[0.20822073825802206, -0.018909329551211367, 0.0, 0.0]","[0.1983476802210199, 0.1219205827566546, -0.04596094424696304, -0.03788003452498471]","[0.2107872083278578, -0.00727815239535225, -0.07656487496487499, -0.027647801654522835]",1.0,1.0
2,combined,4,243320,1191.0271966412874,True,True,"[9.748424207457884, 23.192116446532918, 3.299150803728458, 5.259144908119122]","[43.691423965106054, 8.731610792935987, 0.8011596372531374, 7.632301962939139]","[-0.06667052058737304, -0.18130936749134813, 0.0, 0.0]","[-0.24260903243804366, -0.05918327160177793, 0.0, 0.0]","[-0.07964567644753659, -0.1864495305112527, 0.027080718294744052, 0.042422512475128175]","[-0.22881335904454547, -0.06121205109446262, -0.005748639574262091, 0.05265744827252556]",1.0,1.0
3,additive,0,231266,27.638152769299268,True,False,"[39.54452346057431, 20.44700766123113, 24.32097676091701, 6.353552463932272]","[2.7267307061530706, 1.8007600207126153, 2.520348923773429, 3.313376880894413]","[0.2361961714752195, 0.11149250800542286, -0.14548332263364863, 0.0]","[0.0, 0.0, 0.0, 0.0]","[0.23509182916248111, 0.11984347838515914, -0.1460434471249726, -0.03730035807119883]","[0.022290095519136917, 0.013781876105917789, -0.020867634904525232, -0.026882670553264956]",1.0,1.0
3,additive,1,231684,74.46479038940015,True,False,"[3.836494525875543, 22.712214998148422, 16.20406555557248, 0.5911291131889559]","[3.377410195804468, 0.7157043292086863, 8.005430170438538, 1.8312815000007396]","[0.03523757588638098, 0.1418699975864273, -0.11189400901200909, 0.0]","[0.0, 0.0, 0.0, 0.0]","[0.02528931930758536, 0.1473613315221179, -0.10710363171717242, 0.0038474708132706214]","[-0.02776356808318905, 0.005871855021909453, 0.056538549306592904, 0.014488197630978491]",1.0,0.0
3,additive,2,248298,3.2819650932451623,False,True,"[2.3595190017613095, 2.447163826788394, 13.461053376219663, 3.7342922182776785]","[0.6691424056703582, 1.6446872768875116, 0.542143729232646, 0.1345927097076194]","[0.01495019891880212, -0.03320039037497186, -0.07916879359096, 0.0]","[0.0, 0.0, 0.0, 0.0]","[0.017116148886623814, -0.017488457981654704, -0.09861554304392933, -0.02675721292497876]","[0.005285778587491135, 0.012712355086491642, -0.004579641476709849, 0.0011052335282017059]",1.0,1.0
3,additive,3,255424,57.66871044155596,True,False,"[32.7547170541185, 20.172063398762948, 22.753896635160466, 1.8126341885175712]","[3.4638136432303086, 2.545669571133898, 6.55947207749734, 0.7904232373537932]","[0.20900700254792484, 0.12588809070812576, 0.12861663819875063, 0.0]","[0.0, 0.0, 0.0, 0.0]","[0.1952284363994711, 0.11863316434559407, 0.13686911600165244, 0.010706550414005837]","[0.026247914855375726, 0.020042755609440927, 0.048132616814274456, -0.006037850133973053]",1.0,0.0
3,additive,4,244697,68.21431160122847,True,False,"[64.16494733467496, 10.75741865790124, 32.571778316227466, 0.669348484454507]","[8.299246809168494, 1.083305645955042, 1.7386467275069595, 0.17421505099504322]","[0.4401236655735646, -0.08220895841820706, 0.2960607476721739, 0.0]","[0.0, 0.0, 0.0, 0.0]","[0.4152367933189956, -0.06850135823877486, 0.2117725582202296, 0.004276650242532702]","[0.0662593802530343, -0.008306335447156914, 0.014079997566446045, -0.0014391856360821897]",1.0,0.0
3,multiplicative,0,230330,986.9454639033047,True,True,"[2.736302307309983, 0.004804788990811113, 1.8355785463415346, 6.172488802735068]","[29.86289992899167, 12.247713402612764, 14.998129882582418, 2.3886774434862663]","[0.0, 0.0, 0.0, 0.0]","[0.2361961714752195, 0.11149250800542286, -0.14548332263364863, 0.0]","[-0.017266333747697062, -2.9891233123198557e-05, 0.01169927370846654, -0.03846285849942648]","[0.1786788324649636, 0.08362628992091277, -0.10256757215884292, -0.016959884004506893]",1.0,1.0
3,multiplicative,1,231628,258.2424913821287,True,True,"[2.6752571458601335, 1.7563490951195286, 0.12326817358260396, 0.9269574212221797]","[0.45602473216784095, 15.862253725899667, 3.804368791638655, 1.055769597884366]","[0.0, 0.0, 0.0, 0.0]","[0.03523757588638098, 0.1418699975864273, -0.11189400901200909, 0.0]","[-0.017678104462843302, -0.011423587004985653, 0.0008167681106591224, 0.006048119686277232]","[-0.0035656774957275187, 0.1204818086113587, -0.027698491347192954, 0.008186536023061129]",0.6666666666666666,0.0
3,multiplicative,2,248360,94.64267942946026,True,True,"[0.1812872618700486, 1.8755630172778137, 3.195543750250153, 3.758986626689574]","[2.7532304495003395, 1.3547890026848997, 9.590114783492217, 0.3491341841202476]","[0.0, 0.0, 0.0, 0.0]","[0.01495019891880212, -0.03320039037497186, -0.07916879359096, 0.0]","[0.001323603360058462, 0.013490502575272926, -0.023562376278204344, -0.0271088659890818]","[0.022265930726155674, -0.010194090639959132, -0.07870619348408299, -0.0028035958716260898]",0.6666666666666666,0.0
3,multiplicative,3,254147,1198.2407302568317,True,True,"[1.603860272377093, 1.2039454760634007, 5.081199409632816, 1.5721465192596806]","[31.547604908138013, 16.460846126562835, 23.573467950753475, 0.06952271918920784]","[0.0, 0.0, 0.0, 0.0]","[0.20900700254792484, 0.12588809070812576, 0.12861663819875063, 0.0]","[0.010089674279149502, 0.007473155203902679, 0.03225947630500489, 0.009801077204971063]","[0.16242171493058116, 0.10080723924544278, 0.13851700156225707, 0.0004687733015417699]",1.0,0.0
3,multiplicative,4,237026,2117.455481367475,True,True,"[1.8453965362489007, 0.962570341961874, 6.997402580065386, 0.07320057504980611]","[59.93180491900409, 4.66340042719497, 20.84793022194211, 0.84022996218132]","[0.0, 0.0, 0.0, 0.0]","[0.4401236655735646, -0.08220895841820706, 0.2960607476721739, 0.0]","[0.014001471820386436, 0.0071863702933343, -0.0533397623726647, 0.0005483425474943095]","[0.21633583191732375, -0.02629217100427594, 0.1336371211322782, -0.006453533356830232]",1.0,0.0
3,combined,0,233383,1015.8087365025585,True,True,"[37.41060745938923, 20.451406553705564, 25.425374993812277, 6.240070680743976]","[1.1819503630059722, 1.540743245156557, 59.540255781515874, 2.7638107589224004]","[0.2361961714752195, 0.11149250800542286, -0.14548332263364863, 0.0]","[-0.031800667404401566, -0.04300948785018189, 0.3543628380320611, 0.0]","[0.22816101500254626, 0.12297117404765516, -0.15662602305110535, -0.03758212915521009]","[0.008889361924461858, -0.01066855138909417, 0.21396457151244433, -0.020416664722666324]",1.0,1.0
3,combined,1,232441,913.9914588190841,True,True,"[3.2824679611452146, 21.238759231811148, 14.858265373455614, 0.8645503030907531]","[0.2637730330116759, 2.756649351043872, 43.27106549785439, 0.8069607961096498]","[0.03523757588638098, 0.1418699975864273, -0.11189400901200909, 0.0]","[0.03171847748335711, 0.009327663071226691, 0.21275312730438364, 0.0]","[0.02267288280606487, 0.1443965704226962, -0.10290867982881091, 0.0058964000708439665]","[0.0019589309516091983, 0.020650773023801822, 0.20180088890068265, 0.005514103159163309]",1.0,0.0
3,combined,2,248795,729.239643426552,True,True,"[2.6779869825774645, 2.9044423565468542, 14.182617350144632, 3.2894446376048534]","[25.75367837126881, 6.073471659193081, 18.526784357007827, 1.0037941849021002]","[0.01495019891880212, -0.03320039037497186, -0.07916879359096, 0.0]","[0.17645934665776256, -0.05963685673819899, -0.11865757124813925, 0.0]","[0.01989498198191353, -0.021257086863719472, -0.10640823070988055, -0.024138354915185765]","[0.16282992346305783, -0.04378740895914655, -0.13788929910676886, 0.007490833928535935]",1.0,1.0
3,combined,3,255762,652.4061961460684,True,True,"[32.67839113113025, 20.954414404486617, 24.501014942256752, 0.9075269560207111]","[8.349501450686523, 17.840604826055834, 20.638041066839808, 1.1049414996322149]","[0.20900700254792484, 0.12588809070812576, 0.12861663819875063, 0.0]","[0.04863026324974986, 0.12364803488403338, 0.09312050937350408, 0.0]","[0.19981233509451546, 0.12642231057629416, 0.15119107723762468, 0.005499096459406662]","[0.05901836861671713, 0.12364549853732712, 0.12676127163147022, -0.007995550952909132]",1.0,0.0
3,combined,4,248125,516.4058271284011,True,True,"[62.56694393074993, 11.319112044066632, 29.99080934475392, 1.371306897429258]","[5.3745214223219016, 17.23399799156248, 14.403644748653436, 0.8728713494145371]","[0.4401236655735646, -0.08220895841820706, 0.2960607476721739, 0.0]","[-0.036624700157205946, -0.15326080668654973, -0.14424185711448628, 0.0]","[0.40734347287568684, -0.07251390672751588, 0.19617074050504968, 0.008814627066783253]","[0.041429228350263365, -0.12796561767584047, -0.10716369318459523, 0.006783891995517333]",1.0,0.0
